,...1.x,ResponseId,Q3_recoded.x,Q4.x,Q6.x,data_same.x,data_similar.x,data,procedure_same.x,procedure_similar.x,procedure,results_same.x,results_similar.x,results,context_same.x,context_similar.x,context,rp_rejection.x,Missing.x,Notes.x,...1.y,Q3_recoded.y,Q4.y,Q6.y,data_same.y,data_similar.y,data,procedure_same.y,procedure_similar.y,procedure,results_same.y,results_similar.y,results,context_same.y,context_similar.y,context,rp_rejection.y,Missing.y,Notes.y,diff_data_same,diff_data_sim,diff_pro_same,diff_pro_sim,diff_res_same,diff_res_sim,diff_con_same,diff_con_sim,diff_rp_rej,diff_miss,diff_any,count_diff,diff_data_agg,diff_pro_agg,diff_res_agg,diff_con_agg,diff_tot_agg,dat_rec,pro_rec,res_rec,con_rec,Rejection,label
5,201,R_Pwa2G1cjqoIiWqt,Physical,Quantitative,"If someone were to travel to my study sites, employ a similar sampling strategy and invest a comparable effort in the lab I believe they would come to the same results and conclusions that my colleagues and I did.",0,0,0,0,1,1,1,0,1,1,0,1,0,0,0,201,Physical,Quantitative,"If someone were to travel to my study sites, employ a similar sampling strategy and invest a comparable effort in the lab I believe they would come to the same results and conclusions that my colleagues and I did.",0,0,0,1,1,2,1,1,2,0,0,0,0,0,0,FALSE,FALSE,TRUE,FALSE,FALSE,TRUE,TRUE,FALSE,FALSE,FALSE,TRUE,3,0,1,1,1,3,0,1,1,1,0,Data Collection
8,120,R_3Ecz7SpdhM7C3Ub,Nature/society,Mixed Methods,"Based on principles developed by Argyris and Schon and more recently and fully within different branches of Action Research, our research blends both traditional surveys, reflective workshops and other participatory methods, with the development of programs, such as ""Kool Routes to School"", which we then test and co-create with partners in schools, neighbourhoods, cities and regions. By reproducibility we do not claim universality, that is, that repeating the same experiment will produce the same results everywhere, but rather that some methods and /or results can be of interest to and useful for researchers and practitioners exploring similar issues in similar or even very different contexts.",0,0,0,0,0,0,0,0,0,0,0,0,0,0,unclear how to code,120,Nature/society,Mixed Methods,"Based on principles developed by Argyris and Schon and more recently and fully within different branches of Action Research, our research blends both traditional surveys, reflective workshops and other participatory methods, with the development of programs, such as ""Kool Routes to School"", which we then test and co-create with partners in schools, neighbourhoods, cities and regions. By reproducibility we do not claim universality, that is, that repeating the same experiment will produce the same results everywhere, but rather that some methods and /or results can be of interest to and useful for researchers and practitioners exploring similar issues in similar or even very different contexts.",0,0,0,0,1,1,0,1,1,0,1,1,0,0,Focus on value of the results not a comparison with past results,FALSE,FALSE,FALSE,TRUE,FALSE,TRUE,FALSE,TRUE,FALSE,FALSE,TRUE,3,0,1,1,1,3,0,0,0,0,0,Transparency/Extension
6,78,R_PtENk3TcALFtavf,Human,Qualitative,transparancy about connectio between data. methods and results,0,0,0,0,0,0,0,0,0,0,0,0,0,0,Not sure how to code,78,Human,Qualitative,transparancy about connectio between data. methods and results,0,1,1,0,1,1,0,1,1,0,0,0,0,0,???,FALSE,TRUE,FALSE,TRUE,FALSE,TRUE,FALSE,FALSE,FALSE,FALSE,TRUE,3,1,1,1,0,3,0,0,0,0,0,Transparency/Extension
7,111,R_T136R4u4f2HARLX,Methods,Quantitative,"To publish data and software which led to the research results related to a published study/article. If the results are also data (GIS models/maps, simulation/modelling results) they should also be published",0,0,0,0,0,0,0,0,0,0,0,0,0,0,come back to,111,Methods,Quantitative,"To publish data and software which led to the research results related to a published study/article. If the results are also data (GIS models/maps, simulation/modelling results) they should also be published",0,1,1,0,1,1,0,1,1,0,0,0,0,0,Focused on sharing not comparison,FALSE,TRUE,FALSE,TRUE,FALSE,TRUE,FALSE,FALSE,FALSE,FALSE,TRUE,3,1,1,1,0,3,0,0,0,0,0,Transparency/Extension
24,132,R_pFdMlFXTZMAGRNv,Methods,Quantitative,Possibility to recreate the analysis using original data,1,0,1,0,0,0,1,0,1,0,0,0,0,0,0,132,Methods,Quantitative,Possibility to recreate the analysis using original data,1,0,1,1,0,1,0,0,0,0,0,0,0,0,0,FALSE,FALSE,TRUE,FALSE,TRUE,FALSE,FALSE,FALSE,FALSE,FALSE,TRUE,2,0,1,1,0,2,1,1,0,1,0,
39,209,R_3KrmJgOtvVecPv3,Human,Mixed Methods,"Creating/using research methods that are transferrable to other contexts, as well as sharing data/code from my own research that allows others to repeat or extend that work.",1,0,1,1,0,1,0,0,0,0,1,1,0,0,0,209,Human,Mixed Methods,"Creating/using research methods that are transferrable to other contexts, as well as sharing data/code from my own research that allows others to repeat or extend that work.",0,0,0,1,1,2,0,0,0,0,1,1,0,0,Transfer again,TRUE,FALSE,FALSE,TRUE,FALSE,FALSE,FALSE,FALSE,FALSE,FALSE,TRUE,2,1,1,0,0,2,1,1,0,1,0,Transparency/Extension
3,188,R_1IGkerQJY4XYlUV,Methods,Mixed Methods,the research should be able to replicate to other area/case with similar concept or same method.,0,0,0,1,0,1,0,0,0,0,1,1,0,0,0,188,Methods,Mixed Methods,the research should be able to replicate to other area/case with similar concept or same method.,0,0,0,0,1,1,0,1,1,0,0,0,0,0,Reading research as result.,FALSE,FALSE,TRUE,TRUE,FALSE,TRUE,FALSE,TRUE,FALSE,FALSE,TRUE,4,0,0,1,1,2,0,1,0,1,0,
53,112,R_qInL61MWeeieD61,Physical,Mixed Methods,"My understanding is that the quantitative data my colleagues and I collect will be identical, or nearly so, to the data collected from the same site or similar sites by other researchers. Of course, the interpretation of those data will be subject to biases inherently present in each researcher.",0,0,0,1,0,1,1,1,2,1,1,2,0,0,0,112,Physical,Mixed Methods,"My understanding is that the quantitative data my colleagues and I collect will be identical, or nearly so, to the data collected from the same site or similar sites by other researchers. Of course, the interpretation of those data will be subject to biases inherently present in each researcher.",1,0,1,1,0,1,1,1,2,1,1,2,0,0,See data as the result. Focused on process not outcomes.,TRUE,FALSE,FALSE,FALSE,FALSE,FALSE,FALSE,FALSE,FALSE,FALSE,TRUE,1,1,0,0,1,2,0,1,0,1,0,Data Collection
4,200,R_2BaNI5ghpBAK0h8,Methods,Quantitative,"Reproducible research usually publishes the data used to justify research claims. If the data cannot be published (as in my case), the description of the methods should allow researchers to replicate the results if they had the same data. These are the practical dimensions of reproducibility. Conceptually, reproducibility is about minimizing or eliminating the bias of subjective decisions, or contextualizing your findings with respect to the methodological choices you make as a researcher.",1,0,1,1,0,1,1,0,1,0,0,0,0,0,0,200,Methods,Quantitative,"Reproducible research usually publishes the data used to justify research claims. If the data cannot be published (as in my case), the description of the methods should allow researchers to replicate the results if they had the same data. These are the practical dimensions of reproducibility. Conceptually, reproducibility is about minimizing or eliminating the bias of subjective decisions, or contextualizing your findings with respect to the methodological choices you make as a researcher.",1,1,2,0,1,1,1,1,2,0,0,0,0,0,0,FALSE,TRUE,TRUE,TRUE,FALSE,TRUE,FALSE,FALSE,FALSE,FALSE,TRUE,4,1,0,1,0,2,1,1,1,0,0,
29,160,R_2YXiM1GokEmTgad,Methods,Mixed Methods,The experiments will be repeated successfully.,0,0,0,1,0,1,0,0,0,0,0,0,0,0,0,160,Methods,Mixed Methods,The experiments will be repeated successfully.,0,0,0,0,0,0,1,0,1,0,0,0,0,0,???,FALSE,FALSE,TRUE,FALSE,TRUE,FALSE,FALSE,FALSE,FALSE,FALSE,TRUE,2,0,1,1,0,2,0,1,1,0,0,Experiment
36,193,R_10OzPKSFnAj98k3,Physical,Quantitative,"If another researcher (independent) performs the same experiments as I do, the outcomes should lie within a given uncertainty limit. The experiments should be repeatable and the results not a unique occurrence.",0,0,0,1,0,1,0,1,1,0,0,0,0,0,0,193,Physical,Quantitative,"If another researcher (independent) performs the same experiments as I do, the outcomes should lie within a given uncertainty limit. The experiments should be repeatable and the results not a unique occurrence.",0,0,0,0,0,0,1,1,2,0,0,0,0,0,0,FALSE,FALSE,TRUE,FALSE,TRUE,FALSE,FALSE,FALSE,FALSE,FALSE,TRUE,2,0,1,1,0,2,0,1,1,0,0,Experiment
38,206,R_71XHh1S1SZfTl2p,Physical,Quantitative,"The methods should provide sufficient information to be able to reproduce the results. In quantitative science this should, at minimum, provide all the equations and algorithms used for any calculation. In the interest of increasing transparency in science, the practice of sharing the code should be encouraged.",0,0,0,1,0,1,1,0,1,0,0,0,0,0,0,206,Physical,Quantitative,"The methods should provide sufficient information to be able to reproduce the results. In quantitative science this should, at minimum, provide all the equations and algorithms used for any calculation. In the interest of increasing transparency in science, the practice of sharing the code should be encouraged.",0,0,0,1,1,2,0,0,0,0,0,0,0,0,0,FALSE,FALSE,FALSE,TRUE,TRUE,FALSE,FALSE,FALSE,FALSE,FALSE,TRUE,2,0,1,1,0,2,0,1,1,0,0,Transparency/Extension
17,16,R_2EcnLo1yZr0j9og,Physical,Mixed Methods,A description of the scientific observations in order to enable the replication and progress of results attained by the study.,0,0,0,0,0,0,1,0,1,0,0,0,0,0,0,16,Physical,Mixed Methods,A description of the scientific observations in order to enable the replication and progress of results attained by the study.,0,1,1,0,1,1,1,0,1,0,0,0,0,0,Reading scientific observations as the methods(procedure) used and their outcomes (data),FALSE,TRUE,FALSE,TRUE,FALSE,FALSE,FALSE,FALSE,FALSE,FALSE,TRUE,2,1,1,0,0,2,1,0,1,0,0,Transparency/Extension
20,40,R_2aM2dTWmInyaTnE,Methods,Quantitative,The effects of a proposed method or technique can observed by others and it can be implemented in real scenario.,0,0,0,0,0,0,0,0,0,0,0,0,0,0,Not sure how to code this,40,Methods,Quantitative,The effects of a proposed method or technique can observed by others and it can be implemented in real scenario.,0,0,0,0,1,1,0,1,1,0,0,0,0,0,???,FALSE,FALSE,FALSE,TRUE,FALSE,TRUE,FALSE,FALSE,FALSE,FALSE,TRUE,2,0,1,1,0,2,0,1,0,0,0,Transparency/Extension
33,179,R_1cZFDhmTymKxZWU,Human,Quantitative,"If you are researching a particular concept/topic and situate it in the current disciplinary understanding, reproducibility means that you're able to apply a known method or establish an accepted understanding in your hypotheses and through your new research effort, confirm or validate that approach or understanding.",0,0,0,0,0,0,0,0,0,0,0,0,0,0,Unclear how to code,179,Human,Quantitative,"If you are researching a particular concept/topic and situate it in the current disciplinary understanding, reproducibility means that you're able to apply a known method or establish an accepted understanding in your hypotheses and through your new research effort, confirm or validate that approach or understanding.",0,0,0,1,0,1,0,1,1,0,0,0,0,0,???,FALSE,FALSE,TRUE,FALSE,FALSE,TRUE,FALSE,FALSE,FALSE,FALSE,TRUE,2,0,1,1,0,2,0,1,0,0,0,Omit
12,214,R_ulwFjkrlKNlFfup,Human,Mixed Methods,"Allowing peers to fully comprehend and reproduce your study/research by providing maximum (ethically possible) transparency on data sources, methods and analytical steps.",0,0,0,1,0,1,0,0,0,0,0,0,0,0,0,214,Human,Mixed Methods,"Allowing peers to fully comprehend and reproduce your study/research by providing maximum (ethically possible) transparency on data sources, methods and analytical steps.",1,1,2,1,1,2,0,0,0,0,0,0,0,0,0,TRUE,TRUE,FALSE,TRUE,FALSE,FALSE,FALSE,FALSE,FALSE,FALSE,TRUE,3,1,1,0,0,2,0,1,0,0,0,Transparency/Extension
27,139,R_eEi9QbInQKTRI9r,Human,Qualitative,"As a qualitative researcher doing in-depth case study research, my studies can not be perfectly reproduced. But reproducibility sits in the openness about methods and data collection practices, as well as critical reflection about strengths and weaknesses of my research. When we write about those things in the methods section in our papers and theses, their reproducibility is increased.",0,0,0,0,0,0,0,0,0,0,0,0,1,0,0,139,Human,Qualitative,"As a qualitative researcher doing in-depth case study research, my studies can not be perfectly reproduced. But reproducibility sits in the openness about methods and data collection practices, as well as critical reflection about strengths and weaknesses of my research. When we write about those things in the methods section in our papers and theses, their reproducibility is increased.",0,1,1,0,1,1,0,0,0,0,0,0,1,0,0,FALSE,TRUE,FALSE,TRUE,FALSE,FALSE,FALSE,FALSE,FALSE,FALSE,TRUE,2,1,1,0,0,2,0,1,0,0,0,Transparency/Extension
2,164,R_UAfaJ483xTMNR5v,Human,Qualitative,"The ability of different researchers to generate the same/similar data, even if they arrive at different conclusions from those data.",0,0,0,0,0,0,1,1,2,0,0,0,0,0,0,164,Human,Qualitative,"The ability of different researchers to generate the same/similar data, even if they arrive at different conclusions from those data.",1,1,2,0,0,0,0,0,0,0,0,0,0,0,???,TRUE,TRUE,FALSE,FALSE,TRUE,TRUE,FALSE,FALSE,FALSE,FALSE,TRUE,4,1,0,1,0,2,1,0,0,0,0,Data Collection
16,8,R_1GHckm3kgFtJOF4,Physical,Quantitative,Data/observations of some variable can be recovered repeatedly by different observers/methods,0,0,0,0,0,0,0,0,0,0,0,0,0,0,Not sure how to code,8,Physical,Quantitative,Data/observations of some variable can be recovered repeatedly by different observers/methods,0,1,1,0,0,0,0,1,1,0,0,0,0,0,Discuss,FALSE,TRUE,FALSE,FALSE,FALSE,TRUE,FALSE,FALSE,FALSE,FALSE,TRUE,2,1,0,1,0,2,1,0,0,0,0,Data Collection
28,149,R_2v1CvC90ev2nmg0,Human,Mixed Methods,"There are two slightly different meanings for ""reproducibility"" for me. For all of my work, ""reproducibility"" requires adequate description of the methods involved in gathering and analyzing data. By ""adequate"" I mean a peer could duplicate the techniques in the same or similar contexts, but not necessarily with precisely the same data. This includes both quantitative (survey, census, etc.) data and qualitative information (interviews, documents, etc.) With the latter, for example, the identity of the interviewees is typically confidential, and non-anonymous survey data cannot be shared. 

For quantitative work, reproducibility means that peers would arrive at precisely the same conclusions using the (anonymous) data and analytic techniques. This is primarily a check on errors in the data and analyses, and a check on fraudulent practices. They may arrive at different conclusions using the same data but different techniques, or when combined with additional data. And of course, they may have different interpretations of the same results.",1,0,1,1,0,1,1,0,1,1,1,2,0,0,0,149,Human,Mixed Methods,"There are two slightly different meanings for ""reproducibility"" for me. For all of my work, ""reproducibility"" requires adequate description of the methods involved in gathering and analyzing data. By ""adequate"" I mean a peer could duplicate the techniques in the same or similar contexts, but not necessarily with precisely the same data. This includes both quantitative (survey, census, etc.) data and qualitative information (interviews, documents, etc.) With the latter, for example, the identity of the interviewees is typically confidential, and non-anonymous survey data cannot be shared. 

For quantitative work, reproducibility means that peers would arrive at precisely the same conclusions using the (anonymous) data and analytic techniques. This is primarily a check on errors in the data and analyses, and a check on fraudulent practices. They may arrive at different conclusions using the same data but different techniques, or when combined with additional data. And of course, they may have different interpretations of the same results.",0,1,1,1,0,1,1,0,1,1,1,2,0,0,Tw definitions.,TRUE,TRUE,FALSE,FALSE,FALSE,FALSE,FALSE,FALSE,FALSE,FALSE,TRUE,2,0,0,0,1,1,1,1,1,1,0,
61,152,R_2dhEGetlwXFYOTZ,Physical,Quantitative,"Provide all knowledge, methods, tools and datasets to reproduce the results of your published research and encourage, and make easy,  further applications in different contexts.",1,0,1,1,0,1,1,0,1,0,1,1,0,0,0,152,Physical,Quantitative,"Provide all knowledge, methods, tools and datasets to reproduce the results of your published research and encourage, and make easy,  further applications in different contexts.",0,0,0,1,0,1,1,0,1,0,1,1,0,0,0,TRUE,FALSE,FALSE,FALSE,FALSE,FALSE,FALSE,FALSE,FALSE,FALSE,TRUE,1,1,0,0,0,1,1,1,1,1,0,
13,55,R_3JqhzhJtJOepNLz,Methods,Quantitative,Any research or study published publicly should provide enough information so that other experts in the field can reproduce the reported results or perform the proposed study for their area of interest.,0,0,0,1,0,1,1,0,1,0,1,1,0,0,Considering area of interest to mean not the same context,55,Methods,Quantitative,Any research or study published publicly should provide enough information so that other experts in the field can reproduce the reported results or perform the proposed study for their area of interest.,0,0,0,1,0,1,1,0,1,1,0,1,0,0,Considering area of interest to mean not the same context,FALSE,FALSE,FALSE,FALSE,FALSE,FALSE,TRUE,TRUE,FALSE,FALSE,TRUE,2,0,0,0,1,1,0,1,1,1,0,Transparency/Extension
52,73,R_uqNmBU2mq5WlV7j,Nature/society,Qualitative,"That other researchers could replicate the ethod with broadly the same findings. No guarantee of that in participatory qualitative research, which is context specific.",0,0,0,1,0,1,1,1,2,0,0,0,1,0,Not sure how to code the context,73,Nature/society,Qualitative,"That other researchers could replicate the ethod with broadly the same findings. No guarantee of that in participatory qualitative research, which is context specific.",0,0,0,1,0,1,1,1,2,0,1,1,1,0,0,FALSE,FALSE,FALSE,FALSE,FALSE,FALSE,FALSE,TRUE,FALSE,FALSE,TRUE,1,0,0,0,1,1,0,1,1,1,0,
60,150,R_33a8SWfwGBarALp,Physical,Qualitative,I understand it refers to what extent a research methodology and its resulting data set can be reproduced in other place or by other research team to confirm those original results,0,0,0,1,0,1,1,0,1,0,1,1,0,0,0,150,Physical,Qualitative,I understand it refers to what extent a research methodology and its resulting data set can be reproduced in other place or by other research team to confirm those original results,0,0,0,1,0,1,1,0,1,0,0,0,0,0,See data as a result/product of methods,FALSE,FALSE,FALSE,FALSE,FALSE,FALSE,FALSE,TRUE,FALSE,FALSE,TRUE,1,0,0,0,1,1,0,1,1,1,0,
67,198,R_2cj7VeYLALDM06P,Nature/society,Mixed Methods,"As a field scientist it is often not possible to reproduce our research entirely, but the methods and models and statistics employed should theoretically be understandable and reproducible in a similar context by other researchers with nearly the same results.",0,0,0,1,0,1,1,1,2,0,1,1,0,0,0,198,Nature/society,Mixed Methods,"As a field scientist it is often not possible to reproduce our research entirely, but the methods and models and statistics employed should theoretically be understandable and reproducible in a similar context by other researchers with nearly the same results.",0,0,0,1,0,1,1,1,2,0,0,0,0,0,0,FALSE,FALSE,FALSE,FALSE,FALSE,FALSE,FALSE,TRUE,FALSE,FALSE,TRUE,1,0,0,0,1,1,0,1,1,1,0,Transparency/Extension
43,17,R_dn9L8gDqkGb1qjn,Human,Mixed Methods,"Carrying out the research and describing it in such a way that it can be repeated (by the same or other teams), in order to assess: the correctness of the results, differences between the surveyed different communities (the question of comparability of results), or changes over time",0,0,0,1,0,1,0,0,0,0,0,0,0,0,0,17,Human,Mixed Methods,"Carrying out the research and describing it in such a way that it can be repeated (by the same or other teams), in order to assess: the correctness of the results, differences between the surveyed different communities (the question of comparability of results), or changes over time",0,0,0,1,0,1,0,1,1,0,0,0,0,0,0,FALSE,FALSE,FALSE,FALSE,FALSE,TRUE,FALSE,FALSE,FALSE,FALSE,TRUE,1,0,0,1,0,1,0,1,1,1,0,
14,194,R_1hSDRBTL6L3sgdM,Physical,Quantitative,The method/result of my research is to be applied in different locations with similar conditions.,0,0,0,1,0,1,0,0,0,0,1,1,0,0,0,194,Physical,Quantitative,The method/result of my research is to be applied in different locations with similar conditions.,0,0,0,1,0,1,1,0,1,1,1,2,0,0,Transfer across contexts,FALSE,FALSE,FALSE,FALSE,TRUE,FALSE,TRUE,FALSE,FALSE,FALSE,TRUE,2,0,0,1,0,1,0,1,1,1,0,
51,66,R_2R1TeCsxjcIFE0G,Human,Mixed Methods,a scientific ideal from applied sciences that under experimental conditions a test of a given hypothesis should be reproduciable,0,0,0,0,0,0,0,0,0,0,0,0,0,0,Not sure,66,Human,Mixed Methods,a scientific ideal from applied sciences that under experimental conditions a test of a given hypothesis should be reproduciable,0,0,0,1,0,1,0,0,0,0,0,0,0,0,???,FALSE,FALSE,TRUE,FALSE,FALSE,FALSE,FALSE,FALSE,FALSE,FALSE,TRUE,1,0,1,0,0,1,0,1,1,1,0,Omit
15,197,R_3RhFWCcFOFANSNP,Methods,Mixed Methods,"Reproducibility has several aspects : 
-describe and make available methods and feedbacks in order to give all possible information to researchers or practitioners who would want to re use methods and protocols in other settings/context (not as easy as it sounds to provide useful and synthetic information, i try to have researchers that obersve experimentation with users to make proper feedsbacks)
-describe/make available methods and tools for appropriation re-use
-publication of analysis and feedbacks and dissemination in research conference and professional events
It is difficult to do all and not always possible (time consuming, intellectual property on data, not paid for in projects for stable and durable online availability, etc.)",0,0,0,1,0,1,0,0,0,0,1,1,1,0,0,197,Methods,Mixed Methods,"Reproducibility has several aspects : 
-describe and make available methods and feedbacks in order to give all possible information to researchers or practitioners who would want to re use methods and protocols in other settings/context (not as easy as it sounds to provide useful and synthetic information, i try to have researchers that obersve experimentation with users to make proper feedsbacks)
-describe/make available methods and tools for appropriation re-use
-publication of analysis and feedbacks and dissemination in research conference and professional events
It is difficult to do all and not always possible (time consuming, intellectual property on data, not paid for in projects for stable and durable online availability, etc.)",0,0,0,1,0,1,0,1,1,1,1,2,0,0,Transfer again important,FALSE,FALSE,FALSE,FALSE,FALSE,TRUE,TRUE,FALSE,TRUE,FALSE,TRUE,2,0,0,1,0,1,0,1,0,1,1,
32,176,R_2rHICzIyu1pRFhk,Human,Mixed Methods,"to be able to repeat research (e.g. at another time, other case studies) and further to make research comprehensible",0,0,0,0,0,0,0,0,0,0,0,0,0,0,Unclear how to code,176,Human,Mixed Methods,"to be able to repeat research (e.g. at another time, other case studies) and further to make research comprehensible",0,0,0,1,1,2,0,0,0,0,0,0,0,0,across contexts,FALSE,FALSE,TRUE,TRUE,FALSE,FALSE,FALSE,FALSE,FALSE,FALSE,TRUE,2,0,1,0,0,1,0,1,0,1,0,Transparency/Extension
46,32,R_3kncCiVVdRSCAZy,Human,Qualitative,The extent to which a concept or method can be reproduced in a different context.,0,0,0,0,0,0,0,0,0,0,1,1,0,0,0,32,Human,Qualitative,The extent to which a concept or method can be reproduced in a different context.,0,0,0,0,1,1,0,0,0,0,1,1,0,0,0,FALSE,FALSE,FALSE,TRUE,FALSE,FALSE,FALSE,FALSE,FALSE,FALSE,TRUE,1,0,1,0,0,1,0,1,0,1,0,Transparency/Extension
64,161,R_2WUz2cS6o3VRklf,Human,Mixed Methods,"The possibility to reproduce an enquiry (approach, data collection methods, data analysis, etc.) in another place and/or by other people, in order to strengthen knowledge.",0,0,0,1,0,1,0,0,0,0,1,1,0,0,0,161,Human,Mixed Methods,"The possibility to reproduce an enquiry (approach, data collection methods, data analysis, etc.) in another place and/or by other people, in order to strengthen knowledge.",1,0,1,1,0,1,0,0,0,0,1,1,0,0,0,TRUE,FALSE,FALSE,FALSE,FALSE,FALSE,FALSE,FALSE,FALSE,FALSE,TRUE,1,1,0,0,0,1,0,1,0,1,0,Transparency/Extension
58,137,R_2V7w8SGACVoV66E,Human,Mixed Methods,Others should be able to reproduce/ duplicate a study given they have access to the same data.,1,0,1,1,0,1,0,0,0,0,0,0,0,0,0,137,Human,Mixed Methods,Others should be able to reproduce/ duplicate a study given they have access to the same data.,1,0,1,1,0,1,1,0,1,0,0,0,0,0,Reading 'study' as both methods and results,FALSE,FALSE,FALSE,FALSE,TRUE,FALSE,FALSE,FALSE,FALSE,FALSE,TRUE,1,0,0,1,0,1,1,1,1,0,0,
59,142,R_1QavRXigWy5kyuF,Physical,Quantitative,"A reproducible analysis is one where a researcher from outside the research group that performed the analysis can collect the same data and follow the same methods and get the same (or at least not significantly different) results. Basically, ""can I read a journal article and get the same results as the authors without a whole lot of additional investigation?""",1,0,1,1,0,1,1,0,1,0,0,0,0,0,0,142,Physical,Quantitative,"A reproducible analysis is one where a researcher from outside the research group that performed the analysis can collect the same data and follow the same methods and get the same (or at least not significantly different) results. Basically, ""can I read a journal article and get the same results as the authors without a whole lot of additional investigation?""",1,0,1,1,0,1,1,1,2,0,0,0,0,0,0,FALSE,FALSE,FALSE,FALSE,FALSE,TRUE,FALSE,FALSE,FALSE,FALSE,TRUE,1,0,0,1,0,1,1,1,1,0,0,
66,190,R_2xFDivcruoNSDht,Physical,Mixed Methods,"My understanding of the term is, that I have to work as scientifically correct and precise as possible, so that consequently others can proof or discard my findings.",0,0,0,0,0,0,0,0,0,0,0,0,0,0,not sure,190,Physical,Mixed Methods,"My understanding of the term is, that I have to work as scientifically correct and precise as possible, so that consequently others can proof or discard my findings.",0,0,0,0,0,0,0,1,1,0,0,0,0,0,0,FALSE,FALSE,FALSE,FALSE,FALSE,TRUE,FALSE,FALSE,FALSE,FALSE,TRUE,1,0,0,1,0,1,1,1,1,0,0,
11,195,R_116HHN36zSfxViV,Physical,Quantitative,the description of the analysis should be given in a manner that an expert reader (as research is mostly communicated in written form) should be able to come to the same conclusions using sound scientific analyses and the same data. Access to data is critical as analysis tools generally accessible to anyone with sufficient expertise.,1,0,1,0,0,0,1,0,1,0,0,0,0,0,0,195,Physical,Quantitative,the description of the analysis should be given in a manner that an expert reader (as research is mostly communicated in written form) should be able to come to the same conclusions using sound scientific analyses and the same data. Access to data is critical as analysis tools generally accessible to anyone with sufficient expertise.,1,0,1,0,1,1,0,1,1,0,0,0,0,0,0,FALSE,FALSE,FALSE,TRUE,TRUE,TRUE,FALSE,FALSE,FALSE,FALSE,TRUE,3,0,1,0,0,1,1,1,1,0,0,
54,118,R_AHX6WT4bPNoRptv,Human,Qualitative,"Working from a qualitative paradigm, research standards should be rigorous and transparent but qualitative research isn't necessarily reproducible - especially for ethnography, which is my preferred methodological approach. But outside of qualitative work I understand ""reproducibility"" to mean that statistical/data/empicial evidence should be able to be examined and analysis conducted by other researchers should be able to replicate the steps that the original researcher took to achieve their results.",1,0,1,1,0,1,1,0,1,0,0,0,1,0,0,118,Human,Qualitative,"Working from a qualitative paradigm, research standards should be rigorous and transparent but qualitative research isn't necessarily reproducible - especially for ethnography, which is my preferred methodological approach. But outside of qualitative work I understand ""reproducibility"" to mean that statistical/data/empicial evidence should be able to be examined and analysis conducted by other researchers should be able to replicate the steps that the original researcher took to achieve their results.",0,0,0,1,0,1,1,0,1,0,0,0,1,0,0,TRUE,FALSE,FALSE,FALSE,FALSE,FALSE,FALSE,FALSE,FALSE,FALSE,TRUE,1,1,0,0,0,1,1,1,1,0,1,
63,156,R_VVHDE3FvgfGCDIJ,Methods,Quantitative,"Both the methodological framework and specific algorithm used can be implemented by using existing tools or code, and can be re-run with the expeimental dataset to reach (almost) same results.",1,0,1,1,0,1,1,0,1,0,0,0,0,0,0,156,Methods,Quantitative,"Both the methodological framework and specific algorithm used can be implemented by using existing tools or code, and can be re-run with the expeimental dataset to reach (almost) same results.",0,0,0,1,0,1,1,0,1,0,0,0,0,0,0,TRUE,FALSE,FALSE,FALSE,FALSE,FALSE,FALSE,FALSE,FALSE,FALSE,TRUE,1,1,0,0,0,1,1,1,1,0,0,
10,173,R_2saMeb0jVk0J4L6,Human,Qualitative,"In the hard sciences it is ability to trace a research process in order to reconstruct how a specific outcome was achieved.
In the social sciences this does not make too much sense and I would interpret reproducibility as and ability to use an established research approach or methodology in order to achieve significant (not identical) results in a different research context",0,0,0,0,1,1,0,1,1,0,1,1,1,0,0,173,Human,Qualitative,"In the hard sciences it is ability to trace a research process in order to reconstruct how a specific outcome was achieved.
In the social sciences this does not make too much sense and I would interpret reproducibility as and ability to use an established research approach or methodology in order to achieve significant (not identical) results in a different research context",0,0,0,1,0,1,0,1,1,0,0,0,1,0,0,FALSE,FALSE,TRUE,TRUE,FALSE,FALSE,FALSE,TRUE,FALSE,FALSE,TRUE,3,0,0,0,1,1,0,1,1,0,1,
41,7,R_1i8mM0MdHcEegwF,Human,Mixed Methods,"The use of Methods that allow other researchers (or the same researchers in different points in time) to administer the same tool, with comparable or equal samples, with the chance of comparing or complementing results",1,1,2,1,0,1,0,0,0,0,0,0,0,0,0,7,Human,Mixed Methods,"The use of Methods that allow other researchers (or the same researchers in different points in time) to administer the same tool, with comparable or equal samples, with the chance of comparing or complementing results",1,1,2,1,0,1,0,1,1,0,0,0,0,0,0,FALSE,FALSE,FALSE,FALSE,FALSE,TRUE,FALSE,FALSE,FALSE,FALSE,TRUE,1,0,0,1,0,1,0,1,1,0,0,Data Collection
42,9,R_eXrHrNUR9PEdovD,Nature/society,Mixed Methods,My interpretation of reproducibility is that results are communicated in a transparent way to ensure the study can be replicated in the future.,0,0,0,0,0,0,0,0,0,0,0,0,0,0,Not sure how to code,9,Nature/society,Mixed Methods,My interpretation of reproducibility is that results are communicated in a transparent way to ensure the study can be replicated in the future.,0,0,0,0,0,0,0,1,1,0,0,0,0,0,"Discuss - this roots reproducibility to results, but not in the same/similar vein",FALSE,FALSE,FALSE,FALSE,FALSE,TRUE,FALSE,FALSE,FALSE,FALSE,TRUE,1,0,0,1,0,1,0,1,1,0,0,Transparency/Extension
65,181,R_QhnuPQnFc2LQhI5,Nature/society,Qualitative,The objective of testing the results by using the same  methods,0,0,0,1,0,1,0,0,0,0,0,0,0,0,0,181,Nature/society,Qualitative,The objective of testing the results by using the same  methods,0,0,0,1,0,1,0,1,1,0,0,0,0,0,0,FALSE,FALSE,FALSE,FALSE,FALSE,TRUE,FALSE,FALSE,FALSE,FALSE,TRUE,1,0,0,1,0,1,0,1,1,0,0,
68,202,R_DNbFPqtAczho7a9,Methods,Quantitative,"My research is clearly and correctly described, so that the other people can get the same result if he or she do the same thing as I describe.",0,0,0,1,0,1,1,0,1,0,0,0,0,0,0,202,Methods,Quantitative,"My research is clearly and correctly described, so that the other people can get the same result if he or she do the same thing as I describe.",0,0,0,1,0,1,1,1,2,0,0,0,0,0,0,FALSE,FALSE,FALSE,FALSE,FALSE,TRUE,FALSE,FALSE,FALSE,FALSE,TRUE,1,0,0,1,0,1,0,1,1,0,0,Transparency/Extension
9,167,R_2fDkz9L95BKOzfl,Human,Mixed Methods,The ability to generate consistent results and findings through the developing of appropriate research tools and models,0,0,0,0,0,0,1,0,1,0,0,0,0,0,0,167,Human,Mixed Methods,The ability to generate consistent results and findings through the developing of appropriate research tools and models,0,0,0,1,0,1,0,1,1,0,0,0,0,0,0,FALSE,FALSE,TRUE,FALSE,TRUE,TRUE,FALSE,FALSE,FALSE,FALSE,TRUE,3,0,1,0,0,1,0,1,1,0,0,Omit
47,37,R_2ygekBbNQW7Ko6U,Physical,Mixed Methods,"Being able to read and interpret the methods outlines in my research and produce the same results.  If the methods aren't clearly explained in a way that a working scientist can't reexamine them, I would say that work has a reproductibility problem",0,0,0,0,0,0,1,0,1,0,0,0,0,0,0,37,Physical,Mixed Methods,"Being able to read and interpret the methods outlines in my research and produce the same results.  If the methods aren't clearly explained in a way that a working scientist can't reexamine them, I would say that work has a reproductibility problem",0,0,0,0,1,1,1,0,1,0,0,0,0,0,0,FALSE,FALSE,FALSE,TRUE,FALSE,FALSE,FALSE,FALSE,FALSE,FALSE,TRUE,1,0,1,0,0,1,0,1,1,0,0,Transparency/Extension
44,20,R_WkbjkBHgQBHjN17,Physical,Mixed Methods,"Here is my personal definition of 'reproducibility': a method to evaluate study findings by repeating the experiment using the same parameters (potentially numerous times) and comparing the resulting data sets. Having dissimilar (nonreproduced) values may call the validity of the studyâ€šÃ„Ã´s methods into question, but it does not necessarily automatically invalidate the initial findings.
Reproducibility, in my opinion, seems to be a growing issue in certain quantitative studies, e.g. lab or survey work. 
My work is creating surficial geologic maps. In this context, the issue of reproducibility is unlikely to be realistically address due to some qualitative methods. The product is a representation of sedimentological and lithological interpretations which based on numerous observations which are combined with past knowledge to create interpretations. The scale, effort, and opportunistic nature (e.g. seeing a newly dug construction site) of data collection does not allow for the work to be easily reproduced. Areas are rarely re-mapped at the same scale. Some areas are not remapped in the same century. In other words, once created these maps are authoritative for generations. Which is not necessarily a good thing. 
",0,0,0,1,0,1,0,0,0,0,0,0,1,0,0,20,Physical,Mixed Methods,"Here is my personal definition of 'reproducibility': a method to evaluate study findings by repeating the experiment using the same parameters (potentially numerous times) and comparing the resulting data sets. Having dissimilar (nonreproduced) values may call the validity of the studyâ€šÃ„Ã´s methods into question, but it does not necessarily automatically invalidate the initial findings.
Reproducibility, in my opinion, seems to be a growing issue in certain quantitative studies, e.g. lab or survey work. 
My work is creating surficial geologic maps. In this context, the issue of reproducibility is unlikely to be realistically address due to some qualitative methods. The product is a representation of sedimentological and lithological interpretations which based on numerous observations which are combined with past knowledge to create interpretations. The scale, effort, and opportunistic nature (e.g. seeing a newly dug construction site) of data collection does not allow for the work to be easily reproduced. Areas are rarely re-mapped at the same scale. Some areas are not remapped in the same century. In other words, once created these maps are authoritative for generations. Which is not necessarily a good thing. 
",0,1,1,1,0,1,0,0,0,0,0,0,1,0,0,FALSE,TRUE,FALSE,FALSE,FALSE,FALSE,FALSE,FALSE,FALSE,FALSE,TRUE,1,1,0,0,0,1,0,1,1,0,0,
49,51,R_sGajci8EN3p6VTb,Nature/society,Mixed Methods,Following methods a workflows that are reproducible by other scholars with the aim of demonstrating validity of research conclusions.,0,0,0,0,0,0,0,0,0,0,0,0,0,0,Not sure how to code,51,Nature/society,Mixed Methods,Following methods a workflows that are reproducible by other scholars with the aim of demonstrating validity of research conclusions.,1,0,1,0,0,0,0,0,0,0,0,0,0,0,0,TRUE,FALSE,FALSE,FALSE,FALSE,FALSE,FALSE,FALSE,FALSE,FALSE,TRUE,1,1,0,0,0,1,0,1,1,0,0,
57,135,R_25AVy1GWOOCIpnH,Human,Quantitative,The results obtained by statistical analysis of data should be achieved again when the study is replicated,0,0,0,1,0,1,1,0,1,0,0,0,0,0,0,135,Human,Quantitative,The results obtained by statistical analysis of data should be achieved again when the study is replicated,1,0,1,1,0,1,1,0,1,0,0,0,0,0,0,TRUE,FALSE,FALSE,FALSE,FALSE,FALSE,FALSE,FALSE,FALSE,FALSE,TRUE,1,1,0,0,0,1,0,1,1,0,0,
72,216,R_PAFAVr13G8evqtH,Human,Qualitative,"Using the same data, another researcher could reproduce the same or similar results as I have",1,0,1,0,0,0,1,1,2,0,0,0,0,0,0,216,Human,Qualitative,"Using the same data, another researcher could reproduce the same or similar results as I have",1,0,1,0,0,0,1,0,1,0,0,0,0,0,0,FALSE,FALSE,FALSE,FALSE,FALSE,TRUE,FALSE,FALSE,FALSE,FALSE,TRUE,1,0,0,1,0,1,1,0,1,0,0,
50,53,R_0ICyV5xgAsZ2FYl,Physical,Mixed Methods,"I am a paleoclimatologist working on sediment chronology and geochemistry. Thus, data reproducibility is the first priority in our research. Further, the paleoclimate reconstruction, we make as per the geochemical variability should corroborate and thus reproduced with the globally accepted understanding of the climatic episodes.",0,0,0,0,0,0,0,0,0,0,0,0,0,0,Not sure,53,Physical,Mixed Methods,"I am a paleoclimatologist working on sediment chronology and geochemistry. Thus, data reproducibility is the first priority in our research. Further, the paleoclimate reconstruction, we make as per the geochemical variability should corroborate and thus reproduced with the globally accepted understanding of the climatic episodes.",0,0,0,0,0,0,0,1,1,0,0,0,0,0,"???, Similar, but similar to real world",FALSE,FALSE,FALSE,FALSE,FALSE,TRUE,FALSE,FALSE,FALSE,FALSE,TRUE,1,0,0,1,0,1,0,0,1,0,0,
69,204,R_2rIKv5rhV8FKofI,Physical,Mixed Methods,Research findings or phenomena can be replicated,0,0,0,0,0,0,1,0,1,0,0,0,0,0,0,204,Physical,Mixed Methods,Research findings or phenomena can be replicated,0,0,0,0,0,0,0,0,0,0,0,0,0,0,???,FALSE,FALSE,FALSE,FALSE,TRUE,FALSE,FALSE,FALSE,FALSE,FALSE,TRUE,1,0,0,1,0,1,0,0,1,0,0,
71,213,R_3n79KR2hYWtXWOB,Human,Mixed Methods,The capacity of other scholars to reproduce the results of a research project.,0,0,0,0,0,0,1,0,1,0,0,0,0,0,0,213,Human,Mixed Methods,The capacity of other scholars to reproduce the results of a research project.,0,0,0,0,0,0,1,1,2,0,0,0,0,0,0,FALSE,FALSE,FALSE,FALSE,FALSE,TRUE,FALSE,FALSE,FALSE,FALSE,TRUE,1,0,0,1,0,1,0,0,1,0,0,
48,50,R_1LzA7lIjsqr41wj,Methods,Quantitative,Sharing data and code when submitting papers to journals. Drawing figures with code instead of softwares.,0,0,0,0,0,0,0,0,0,0,0,0,0,0,Not sure how to code,50,Methods,Quantitative,Sharing data and code when submitting papers to journals. Drawing figures with code instead of softwares.,0,0,0,1,0,1,0,0,0,0,0,0,0,0,???,FALSE,FALSE,TRUE,FALSE,FALSE,FALSE,FALSE,FALSE,FALSE,FALSE,TRUE,1,0,1,0,0,1,1,1,0,0,0,
40,6,R_uzeiI5JcyYPNb2N,Methods,Mixed Methods,"For my computational work, I provide the code and explanation of the methods and data such that others could conduct the same sorts of experiments and analysis that I have. In my more qualitative work, I make clear the methodological principles followed (semi-structured interview, coding, etc.) such that while the work may not be 'reproducible' in the same way, one could conduct a similar study.

Honestly, beyond testing my own results for rigor and ensuring that others can understand (and if they want adapt/revisit) my own analysis, I do not worry about this.",0,0,0,0,1,1,0,0,0,0,0,0,1,0,0,6,Methods,Mixed Methods,"For my computational work, I provide the code and explanation of the methods and data such that others could conduct the same sorts of experiments and analysis that I have. In my more qualitative work, I make clear the methodological principles followed (semi-structured interview, coding, etc.) such that while the work may not be 'reproducible' in the same way, one could conduct a similar study.

Honestly, beyond testing my own results for rigor and ensuring that others can understand (and if they want adapt/revisit) my own analysis, I do not worry about this.",0,1,1,0,1,1,0,0,0,0,0,0,1,0,There are two definitions baked into this response.,FALSE,TRUE,FALSE,FALSE,FALSE,FALSE,FALSE,FALSE,FALSE,FALSE,TRUE,1,1,0,0,0,1,1,1,0,0,0,
45,26,R_12zf6ZKsCoZUof4,Physical,Quantitative,"Reproducibility is related to but is not the same as replication.  In a computational context, it means that someone else can reproduce the workflow of a given study by a sufficiently clear description of the method and the provision of code, data, etc.  This will also allow verification - that the software does what it is intended to do.",0,0,0,1,0,1,0,0,0,0,0,0,0,0,0,26,Physical,Quantitative,"Reproducibility is related to but is not the same as replication.  In a computational context, it means that someone else can reproduce the workflow of a given study by a sufficiently clear description of the method and the provision of code, data, etc.  This will also allow verification - that the software does what it is intended to do.",0,1,1,1,0,1,0,0,0,0,0,0,0,0,0,FALSE,TRUE,FALSE,FALSE,FALSE,FALSE,FALSE,FALSE,FALSE,FALSE,TRUE,1,1,0,0,0,1,1,1,0,0,0,
56,129,R_w4uCS9aOsTiIlX3,Human,Mixed Methods,"To my understanding, reproducibility is a way in which a method, tool, and concept that one has originally produced in his/her research work can be reproduced in other research activities.  For example, OSMnx is a simple python code tool that has been developed by Prof. Geoff Boeing. The tool is used by other researchers to extract road networks from OSM. The road networks that are extracted using this tool can also be reproduced in many ways in ArcGIS.",0,0,0,0,0,0,1,0,1,0,0,0,0,0,0,129,Human,Mixed Methods,"To my understanding, reproducibility is a way in which a method, tool, and concept that one has originally produced in his/her research work can be reproduced in other research activities.  For example, OSMnx is a simple python code tool that has been developed by Prof. Geoff Boeing. The tool is used by other researchers to extract road networks from OSM. The road networks that are extracted using this tool can also be reproduced in many ways in ArcGIS.",0,0,0,0,0,0,0,0,0,0,0,0,0,0,0,FALSE,FALSE,FALSE,FALSE,TRUE,FALSE,FALSE,FALSE,FALSE,FALSE,TRUE,1,0,0,1,0,1,0,1,0,0,0,Transparency/Extension
55,123,R_BVfuYTRnE10Qbzr,Physical,Quantitative,"Reproducibility for my research would involve making measured values public, as well as any datasets, so that others might look at the same data and come to a different conclusion. Re-sampling the sites I worked on would be next to impossible, however, due to permits in a foreign country.",1,0,1,0,0,0,0,0,0,0,0,0,0,0,0,123,Physical,Quantitative,"Reproducibility for my research would involve making measured values public, as well as any datasets, so that others might look at the same data and come to a different conclusion. Re-sampling the sites I worked on would be next to impossible, however, due to permits in a foreign country.",1,0,1,0,0,0,0,1,1,0,0,0,0,0,invert the results in the definition,FALSE,FALSE,FALSE,FALSE,FALSE,TRUE,FALSE,FALSE,FALSE,FALSE,TRUE,1,0,0,1,0,1,1,0,0,0,0,Data Collection
70,205,R_3sanAH0uhIkmQ8e,Methods,Mixed Methods,Be replicated by other researchers,0,0,0,0,0,0,1,0,1,0,0,0,0,0,0,205,Methods,Mixed Methods,Be replicated by other researchers,0,0,0,0,0,0,0,0,0,0,0,0,0,0,???,FALSE,FALSE,FALSE,FALSE,TRUE,FALSE,FALSE,FALSE,FALSE,FALSE,TRUE,1,0,0,1,0,1,0,0,0,0,0,Omit
62,155,R_3iEWRuCK0j0ql2Q,Methods,Quantitative,"new and fresh applications in more fields and innovant changes in these fields, like ITS, land administration, planning, daily life.",0,0,0,0,0,0,0,0,0,0,0,0,0,0,Unclear how to code,155,Methods,Quantitative,"new and fresh applications in more fields and innovant changes in these fields, like ITS, land administration, planning, daily life.",0,0,0,0,1,1,0,0,0,0,0,0,0,0,???,FALSE,FALSE,FALSE,TRUE,FALSE,FALSE,FALSE,FALSE,FALSE,FALSE,TRUE,1,0,1,0,0,1,,,,,0,Omit
26,138,R_CkLdmpiBgItyBK9,Physical,Quantitative,"Data that other researchers could collect, or an interpretation of a data set that other researchers may also find.",0,0,0,0,0,0,0,0,0,0,0,0,0,0,Unsure,138,Physical,Quantitative,"Data that other researchers could collect, or an interpretation of a data set that other researchers may also find.",1,1,2,0,0,0,0,0,0,0,0,0,0,0,0,TRUE,TRUE,FALSE,FALSE,FALSE,FALSE,FALSE,FALSE,FALSE,FALSE,TRUE,2,1,0,0,0,1,,,,,0,Omit
35,192,R_2rke81G4Mi3t6Yf,Methods,Mixed Methods,The possibility to do the same work in other areas and/or using some other parameters,0,0,0,1,0,1,0,0,0,0,1,1,0,0,0,192,Methods,Mixed Methods,The possibility to do the same work in other areas and/or using some other parameters,0,0,0,0,1,1,0,0,0,0,1,1,0,0,0,FALSE,FALSE,TRUE,TRUE,FALSE,FALSE,FALSE,FALSE,FALSE,FALSE,TRUE,2,0,0,0,0,0,0,1,0,1,0,
21,46,R_aWqs9BqHalJPYsN,Human,Qualitative,obtaining consistent research findings using the same data and analysis methods,1,0,1,1,0,1,1,0,1,0,0,0,0,0,0,46,Human,Qualitative,obtaining consistent research findings using the same data and analysis methods,1,0,1,1,0,1,0,1,1,0,0,0,0,0,0,FALSE,FALSE,FALSE,FALSE,TRUE,TRUE,FALSE,FALSE,FALSE,FALSE,TRUE,2,0,0,0,0,0,1,1,1,0,0,
30,165,R_1OlQwzsksCPhfFK,Methods,Quantitative,"The posisbility to repeat the same experiment exactly with the same results on the same data, the use of a methodology tested on a given area on another area with similar performance",1,0,1,1,0,1,1,0,1,0,0,0,0,0,0,165,Methods,Quantitative,"The posisbility to repeat the same experiment exactly with the same results on the same data, the use of a methodology tested on a given area on another area with similar performance",1,0,1,1,0,1,0,1,1,0,0,0,0,0,Actually transfer across contexts/populations,FALSE,FALSE,FALSE,FALSE,TRUE,TRUE,FALSE,FALSE,FALSE,FALSE,TRUE,2,0,0,0,0,0,1,1,1,0,0,
94,169,R_3nOEqitKbI0tQan,Methods,Quantitative,"In a broad sense, reproducibility in my research would mean that the same analysis steps performed on the same dataset always yield the same result. I distinguish it from research that is replicable, robust, or generalizable. Reproducibility requires a series of actions on the part of the researcher, such as when authors provide all the code and data necessary to recreate the analysis, as per Claerbout and Karrenback (1992), or when measurements can be independently obtained with stated precision levels by a different and independent research team, as per Ivie and Thain (2018) in ACM Comput Survey. Similar to Stodden's (2020) approach, I also consider computational reproducibility (code, hardware details, readme are made available), empirical reproducibility (open data, data access issues, appropriate interoperability, metadata, standards, ontological frameworks), and analytics reproducibility (details on model parameters, hyperparameters are made known). In my work, reproducibility crosses over into replicability - and it may be necessary to have replicability as the scientific threshold - where the same analytics performed on different datasets yields similar results. This is due to the fact that many of the datasets I work with are sensitive, containing potentially personally identifiable data, that requires special permission to use, or are not shareable because they are privately held, or are synthetically generated by private organizations. This is similar to code not being shareable if the provenance of legacy code is unavailable. Reproducible research is the gold standard and a desirable characteristic, but it may not always be possible, despite the researcher's desires and intentions.",1,0,1,1,0,1,1,0,1,0,0,0,1,0,0,169,Methods,Quantitative,"In a broad sense, reproducibility in my research would mean that the same analysis steps performed on the same dataset always yield the same result. I distinguish it from research that is replicable, robust, or generalizable. Reproducibility requires a series of actions on the part of the researcher, such as when authors provide all the code and data necessary to recreate the analysis, as per Claerbout and Karrenback (1992), or when measurements can be independently obtained with stated precision levels by a different and independent research team, as per Ivie and Thain (2018) in ACM Comput Survey. Similar to Stodden's (2020) approach, I also consider computational reproducibility (code, hardware details, readme are made available), empirical reproducibility (open data, data access issues, appropriate interoperability, metadata, standards, ontological frameworks), and analytics reproducibility (details on model parameters, hyperparameters are made known). In my work, reproducibility crosses over into replicability - and it may be necessary to have replicability as the scientific threshold - where the same analytics performed on different datasets yields similar results. This is due to the fact that many of the datasets I work with are sensitive, containing potentially personally identifiable data, that requires special permission to use, or are not shareable because they are privately held, or are synthetically generated by private organizations. This is similar to code not being shareable if the provenance of legacy code is unavailable. Reproducible research is the gold standard and a desirable characteristic, but it may not always be possible, despite the researcher's desires and intentions.",1,0,1,1,0,1,1,0,1,0,0,0,0,0,0,FALSE,FALSE,FALSE,FALSE,FALSE,FALSE,FALSE,FALSE,TRUE,FALSE,TRUE,0,0,0,0,0,0,1,1,1,0,1,
1,121,R_3G7GPEXtZFPEHKK,Physical,Mixed Methods,"Experimental reproducibility = can the experiment be reproduced in general with reported settings.
Instrumental reproducibility = will the instrument give the same results on the same sample or a replicate sample set with analytical replicates.
Biological/chemical reproducibility = will sample replication produce the same results?
Reproducibility/replication = speaks to standard, analytical, or biological error",0,0,0,1,0,1,1,0,1,0,0,0,0,0,0,121,Physical,Mixed Methods,"Experimental reproducibility = can the experiment be reproduced in general with reported settings.
Instrumental reproducibility = will the instrument give the same results on the same sample or a replicate sample set with analytical replicates.
Biological/chemical reproducibility = will sample replication produce the same results?
Reproducibility/replication = speaks to standard, analytical, or biological error",0,0,0,0,1,1,0,1,1,0,0,0,0,0,"Coded experimental defintiion, which seems closest to out thinking",FALSE,FALSE,TRUE,TRUE,TRUE,TRUE,FALSE,FALSE,FALSE,FALSE,TRUE,4,0,0,0,0,0,0,1,1,0,0,
22,47,R_3L1gKRijWwBksXA,Physical,Quantitative,An ability to produce consistent results when an experiment is repeated!,0,0,0,1,0,1,1,0,1,0,0,0,0,0,0,47,Physical,Quantitative,An ability to produce consistent results when an experiment is repeated!,0,0,0,1,0,1,0,1,1,0,0,0,0,0,0,FALSE,FALSE,FALSE,FALSE,TRUE,TRUE,FALSE,FALSE,FALSE,FALSE,TRUE,2,0,0,0,0,0,0,1,1,0,0,
23,130,R_2rBgMLoLqXtsJDe,Methods,Mixed Methods,Designing methods in such a way that another researcher of equal skill could replicate results and achieve similar results.,0,0,0,1,0,1,0,1,1,0,0,0,0,0,0,130,Methods,Mixed Methods,Designing methods in such a way that another researcher of equal skill could replicate results and achieve similar results.,0,0,0,1,0,1,1,0,1,0,0,0,0,0,0,FALSE,FALSE,FALSE,FALSE,TRUE,TRUE,FALSE,FALSE,FALSE,FALSE,TRUE,2,0,0,0,0,0,0,1,1,0,0,
25,134,R_2VDEmQJYuzV9xbB,Physical,Quantitative,That research can be done again to gain similar results,0,0,0,1,0,1,0,1,1,0,0,0,0,0,0,134,Physical,Quantitative,That research can be done again to gain similar results,0,0,0,1,0,1,1,0,1,0,0,0,0,0,0,FALSE,FALSE,FALSE,FALSE,TRUE,TRUE,FALSE,FALSE,FALSE,FALSE,TRUE,2,0,0,0,0,0,0,1,1,0,0,
37,203,R_1Dvf2sd2qjYIwdh,Methods,Quantitative,"Make sure that if other investigators repeat the same kind of analysis, they will obtain similar or same results.",0,0,0,1,0,1,1,1,2,0,0,0,0,0,0,203,Methods,Quantitative,"Make sure that if other investigators repeat the same kind of analysis, they will obtain similar or same results.",0,0,0,0,1,1,1,1,2,0,0,0,0,0,0,FALSE,FALSE,TRUE,TRUE,FALSE,FALSE,FALSE,FALSE,FALSE,FALSE,TRUE,2,0,0,0,0,0,0,1,1,0,0,
86,113,R_3fpiI4D8bZ8O4oq,Human,Mixed Methods,I prefer using replicability. It means validate research results with a high degree of reliability if the analysis is replicated,0,0,0,1,0,1,0,1,1,0,0,0,0,0,0,113,Human,Mixed Methods,I prefer using replicability. It means validate research results with a high degree of reliability if the analysis is replicated,0,0,0,1,0,1,0,1,1,0,0,0,1,0,Equate with replicability,FALSE,FALSE,FALSE,FALSE,FALSE,FALSE,FALSE,FALSE,TRUE,FALSE,TRUE,0,0,0,0,0,0,0,1,1,0,0,
31,175,R_3EhF8WsNKbzFNVC,Human,Mixed Methods,I associate the term reproducibility mostly with quantitative methods and quantitative data. Although even in those contacts there can be quite a degree of variation in what is possible with respect to reproducibility. In my experience there is an increasing effort on the part of journals another publication venues to make the data underlying research reported and publications available with those publications. This is much easier to do with quantitative data (especially when it is anonymous). Essentially reproducibility boils down to the ability of researchers who may wish to check the results claim to buy other researchers.,0,0,0,0,0,0,1,0,1,0,0,0,0,0,0,175,Human,Mixed Methods,I associate the term reproducibility mostly with quantitative methods and quantitative data. Although even in those contacts there can be quite a degree of variation in what is possible with respect to reproducibility. In my experience there is an increasing effort on the part of journals another publication venues to make the data underlying research reported and publications available with those publications. This is much easier to do with quantitative data (especially when it is anonymous). Essentially reproducibility boils down to the ability of researchers who may wish to check the results claim to buy other researchers.,0,0,0,0,0,0,0,1,1,0,0,0,1,0,Qualified rejection,FALSE,FALSE,FALSE,FALSE,TRUE,TRUE,FALSE,FALSE,TRUE,FALSE,TRUE,2,0,0,0,0,0,0,0,1,0,0,
34,189,R_1kOHtr8wTJB8quW,Physical,Mixed Methods,"The data should be real and reproducible. The results should be robust, stable and reproducible by other researchers.",0,0,0,0,0,0,1,0,1,0,0,0,0,0,0,189,Physical,Mixed Methods,"The data should be real and reproducible. The results should be robust, stable and reproducible by other researchers.",0,0,0,0,0,0,0,1,1,0,0,0,0,0,0,FALSE,FALSE,FALSE,FALSE,TRUE,TRUE,FALSE,FALSE,FALSE,FALSE,TRUE,2,0,0,0,0,0,0,0,1,0,0,
18,29,R_2bOYuLjGWXyvolX,Nature/society,Quantitative,"Do we share enough information about our methods such that someone else, given access to similar data, could repeat the analysis",0,1,1,1,0,1,0,0,0,0,0,0,0,0,0,29,Nature/society,Quantitative,"Do we share enough information about our methods such that someone else, given access to similar data, could repeat the analysis",0,1,1,0,1,1,0,0,0,0,0,0,0,0,0,FALSE,FALSE,TRUE,TRUE,FALSE,FALSE,FALSE,FALSE,FALSE,FALSE,TRUE,2,0,0,0,0,0,1,1,0,0,0,
19,36,R_1lc9uNrzDev2jbD,Physical,Mixed Methods,Providing detailed methodologies and possibly data and codes that can be used to reproduce results. Also to enable other researchers use methods confidently in their studies.,1,0,1,1,0,1,0,0,0,0,0,0,0,0,0,36,Physical,Mixed Methods,Providing detailed methodologies and possibly data and codes that can be used to reproduce results. Also to enable other researchers use methods confidently in their studies.,1,0,1,0,1,1,0,0,0,0,0,0,0,0,0,FALSE,FALSE,TRUE,TRUE,FALSE,FALSE,FALSE,FALSE,FALSE,FALSE,TRUE,2,0,0,0,0,0,1,1,0,0,0,
98,199,R_Zsih1UuO5mY3B3b,Human,Qualitative,"As a historical geographer, working with qualitative research methods, I understand reproducibility more in terms of sources than of methods. I see reproducible research as being that which makes clear the origin and location of its data.",1,0,1,0,0,0,0,0,0,0,0,0,0,0,0,199,Human,Qualitative,"As a historical geographer, working with qualitative research methods, I understand reproducibility more in terms of sources than of methods. I see reproducible research as being that which makes clear the origin and location of its data.",1,0,1,0,0,0,0,0,0,0,0,0,1,0,0,FALSE,FALSE,FALSE,FALSE,FALSE,FALSE,FALSE,FALSE,TRUE,FALSE,TRUE,0,0,0,0,0,0,1,0,0,0,0,
73,13,R_cvyXNRYOpcfkcWR,Nature/society,Qualitative,NA,0,0,0,0,0,0,0,0,0,0,0,0,0,1,0,0,0,0,0,0,0,0,0,0,0,0,0,0,0,0,0,0,0,0,FALSE,FALSE,FALSE,FALSE,FALSE,FALSE,FALSE,FALSE,FALSE,TRUE,TRUE,0,0,0,0,0,0,0,0,0,0,0,
74,31,R_2rDbqNnByTEM3pH,Methods,Quantitative,NA,0,0,0,0,0,0,0,0,0,0,0,0,0,1,0,0,0,0,0,0,0,0,0,0,0,0,0,0,0,0,0,0,0,0,FALSE,FALSE,FALSE,FALSE,FALSE,FALSE,FALSE,FALSE,FALSE,TRUE,TRUE,0,0,0,0,0,0,0,0,0,0,0,
75,43,R_2VaRq5PbXhScxGp,Methods,Mixed Methods,NA,0,0,0,0,0,0,0,0,0,0,0,0,0,1,0,0,0,0,0,0,0,0,0,0,0,0,0,0,0,0,0,0,0,0,FALSE,FALSE,FALSE,FALSE,FALSE,FALSE,FALSE,FALSE,FALSE,TRUE,TRUE,0,0,0,0,0,0,0,0,0,0,0,
76,44,R_3PRnEpYOyqf5TEY,Physical,Mixed Methods,"For the term ""reproducibility"", I am more concerned with the broader applicability of the research method or results.",0,0,0,0,0,0,0,0,0,0,0,0,0,0,Not sure how to code this,44,Physical,Mixed Methods,"For the term ""reproducibility"", I am more concerned with the broader applicability of the research method or results.",0,0,0,0,0,0,0,0,0,0,0,0,1,0,0,FALSE,FALSE,FALSE,FALSE,FALSE,FALSE,FALSE,FALSE,TRUE,FALSE,TRUE,0,0,0,0,0,0,0,0,0,0,0,
77,54,R_2zD32klEYXmuGaw,Physical,Mixed Methods,NA,0,0,0,0,0,0,0,0,0,0,0,0,0,1,0,0,0,0,0,0,0,0,0,0,0,0,0,0,0,0,0,0,0,0,FALSE,FALSE,FALSE,FALSE,FALSE,FALSE,FALSE,FALSE,FALSE,TRUE,TRUE,0,0,0,0,0,0,0,0,0,0,0,
78,56,R_2CwFBUGlFvlfcnR,Physical,Quantitative,NA,0,0,0,0,0,0,0,0,0,0,0,0,0,1,0,0,0,0,0,0,0,0,0,0,0,0,0,0,0,0,0,0,0,0,FALSE,FALSE,FALSE,FALSE,FALSE,FALSE,FALSE,FALSE,FALSE,TRUE,TRUE,0,0,0,0,0,0,0,0,0,0,0,
79,63,R_3F41dYo81zi1Dq1,Physical,Mixed Methods,NA,0,0,0,0,0,0,0,0,0,0,0,0,0,1,0,0,0,0,0,0,0,0,0,0,0,0,0,0,0,0,0,0,0,0,FALSE,FALSE,FALSE,FALSE,FALSE,FALSE,FALSE,FALSE,FALSE,TRUE,TRUE,0,0,0,0,0,0,0,0,0,0,0,
80,75,R_31F1g0sdc503RVb,Physical,Quantitative,NA,0,0,0,0,0,0,0,0,0,0,0,0,0,1,0,0,0,0,0,0,0,0,0,0,0,0,0,0,0,0,0,0,0,0,FALSE,FALSE,FALSE,FALSE,FALSE,FALSE,FALSE,FALSE,FALSE,TRUE,TRUE,0,0,0,0,0,0,0,0,0,0,0,
81,81,R_1mls6ZhBSrnfCjU,Physical,Mixed Methods,NA,0,0,0,0,0,0,0,0,0,0,0,0,0,1,0,0,0,0,0,0,0,0,0,0,0,0,0,0,0,0,0,0,0,0,FALSE,FALSE,FALSE,FALSE,FALSE,FALSE,FALSE,FALSE,FALSE,TRUE,TRUE,0,0,0,0,0,0,0,0,0,0,0,
82,82,R_XoI1Y5bnJNcfYvD,Human,Qualitative,NA,0,0,0,0,0,0,0,0,0,0,0,0,0,1,0,0,0,0,0,0,0,0,0,0,0,0,0,0,0,0,0,0,0,0,FALSE,FALSE,FALSE,FALSE,FALSE,FALSE,FALSE,FALSE,FALSE,TRUE,TRUE,0,0,0,0,0,0,0,0,0,0,0,
83,99,R_1LecSobzy2IQZh7,Physical,Quantitative,NA,0,0,0,0,0,0,0,0,0,0,0,0,0,1,0,0,0,0,0,0,0,0,0,0,0,0,0,0,0,0,0,0,0,0,FALSE,FALSE,FALSE,FALSE,FALSE,FALSE,FALSE,FALSE,FALSE,TRUE,TRUE,0,0,0,0,0,0,0,0,0,0,0,
84,106,R_3oXZSNVvIjipCg1,Human,Qualitative,NA,0,0,0,0,0,0,0,0,0,0,0,0,0,1,0,0,0,0,0,0,0,0,0,0,0,0,0,0,0,0,0,0,0,0,FALSE,FALSE,FALSE,FALSE,FALSE,FALSE,FALSE,FALSE,FALSE,TRUE,TRUE,0,0,0,0,0,0,0,0,0,0,0,
85,110,R_1mwxgdEgORUjvpa,Methods,Quantitative,NA,0,0,0,0,0,0,0,0,0,0,0,0,0,1,0,0,0,0,0,0,0,0,0,0,0,0,0,0,0,0,0,0,0,0,FALSE,FALSE,FALSE,FALSE,FALSE,FALSE,FALSE,FALSE,FALSE,TRUE,TRUE,0,0,0,0,0,0,0,0,0,0,0,
87,136,R_3j2HmAKzBB8fxU4,Methods,Mixed Methods,NA,0,0,0,0,0,0,0,0,0,0,0,0,0,1,0,0,0,0,0,0,0,0,0,0,0,0,0,0,0,0,0,0,0,0,FALSE,FALSE,FALSE,FALSE,FALSE,FALSE,FALSE,FALSE,FALSE,TRUE,TRUE,0,0,0,0,0,0,0,0,0,0,0,
88,140,R_1BQtllcBfI8pkuY,Physical,Quantitative,NA,0,0,0,0,0,0,0,0,0,0,0,0,0,1,0,0,0,0,0,0,0,0,0,0,0,0,0,0,0,0,0,0,0,0,FALSE,FALSE,FALSE,FALSE,FALSE,FALSE,FALSE,FALSE,FALSE,TRUE,TRUE,0,0,0,0,0,0,0,0,0,0,0,
89,144,R_rdQoVEQcuMUB7eF,NA,Quantitative,NA,0,0,0,0,0,0,0,0,0,0,0,0,0,1,0,0,0,0,0,0,0,0,0,0,0,0,0,0,0,0,0,0,0,0,FALSE,FALSE,FALSE,FALSE,FALSE,FALSE,FALSE,FALSE,FALSE,TRUE,TRUE,0,0,0,0,0,0,0,0,0,0,0,
90,145,R_pLw2QBTZugAlhQd,Methods,Mixed Methods,NA,0,0,0,0,0,0,0,0,0,0,0,0,0,1,0,0,0,0,0,0,0,0,0,0,0,0,0,0,0,0,0,0,0,0,FALSE,FALSE,FALSE,FALSE,FALSE,FALSE,FALSE,FALSE,FALSE,TRUE,TRUE,0,0,0,0,0,0,0,0,0,0,0,
91,146,R_2qqiB0VWO9IvqRI,NA,NA,"It is an experimental standard.
",0,0,0,0,0,0,0,0,0,0,0,0,0,1,not a definition,146,NA,NA,"It is an experimental standard.
",0,0,0,0,0,0,0,0,0,0,0,0,1,0,???,FALSE,FALSE,FALSE,FALSE,FALSE,FALSE,FALSE,FALSE,TRUE,TRUE,TRUE,0,0,0,0,0,0,0,0,0,0,0,
92,154,R_3g7rBbQM9Vgi1lX,Human,Qualitative,NA,0,0,0,0,0,0,0,0,0,0,0,0,0,1,0,0,0,0,0,0,0,0,0,0,0,0,0,0,0,0,0,0,0,0,FALSE,FALSE,FALSE,FALSE,FALSE,FALSE,FALSE,FALSE,FALSE,TRUE,TRUE,0,0,0,0,0,0,0,0,0,0,0,
93,168,R_2wntzztlF0YLgMd,Nature/society,Qualitative,NA,0,0,0,0,0,0,0,0,0,0,0,0,0,1,0,0,0,0,0,0,0,0,0,0,0,0,0,0,0,0,0,0,0,0,FALSE,FALSE,FALSE,FALSE,FALSE,FALSE,FALSE,FALSE,FALSE,TRUE,TRUE,0,0,0,0,0,0,0,0,0,0,0,
95,185,R_22yVi8Nga67JXDy,Human,Mixed Methods,NA,0,0,0,0,0,0,0,0,0,0,0,0,0,1,0,0,0,0,0,0,0,0,0,0,0,0,0,0,0,0,0,0,0,0,FALSE,FALSE,FALSE,FALSE,FALSE,FALSE,FALSE,FALSE,FALSE,TRUE,TRUE,0,0,0,0,0,0,0,0,0,0,0,
96,187,R_1flQYKFTsSIMnWO,Physical,Mixed Methods,Reproducibility is very important for our research.,0,0,0,0,0,0,0,0,0,0,0,0,0,1,0,187,Physical,Mixed Methods,Reproducibility is very important for our research.,0,0,0,0,0,0,0,0,0,0,0,0,0,0,???,FALSE,FALSE,FALSE,FALSE,FALSE,FALSE,FALSE,FALSE,FALSE,TRUE,TRUE,0,0,0,0,0,0,0,0,0,0,0,
97,191,R_1jO4czjji8JP9pf,Human,Qualitative,NA,0,0,0,0,0,0,0,0,0,0,0,0,0,1,0,0,0,0,0,0,0,0,0,0,0,0,0,0,0,0,0,0,0,0,FALSE,FALSE,FALSE,FALSE,FALSE,FALSE,FALSE,FALSE,FALSE,TRUE,TRUE,0,0,0,0,0,0,0,0,0,0,0,
99,217,R_12JWLXvtUuGpYyo,Methods,Mixed Methods,NA,0,0,0,0,0,0,0,0,0,0,0,0,0,1,0,0,0,0,0,0,0,0,0,0,0,0,0,0,0,0,0,0,0,0,FALSE,FALSE,FALSE,FALSE,FALSE,FALSE,FALSE,FALSE,FALSE,TRUE,TRUE,0,0,0,0,0,0,0,0,0,0,0,
